{
  "seeds": [
    0,
    42,
    123,
    456,
    789
  ],
  "k": 64,
  "dict_size": 4096,
  "mean_jaccard": 0.00803645420819521,
  "std_jaccard": 0.0003785600420087576,
  "analytical_chance_floor": 0.007874015748031496,
  "baseline_512d_jaccard": 0.0038,
  "jaccard_matrix": [
    [
      1.0,
      0.007671140134334564,
      0.008150630630552769,
      0.0077234371565282345,
      0.008305246010422707
    ],
    [
      0.007671140134334564,
      1.0,
      0.008561355993151665,
      0.007449163589626551,
      0.007893074303865433
    ],
    [
      0.008150630630552769,
      0.008561355993151665,
      1.0,
      0.008586219511926174,
      0.008305346593260765
    ],
    [
      0.0077234371565282345,
      0.007449163589626551,
      0.008586219511926174,
      1.0,
      0.007718928158283234
    ],
    [
      0.008305246010422707,
      0.007893074303865433,
      0.008305346593260765,
      0.007718928158283234,
      1.0
    ]
  ]
}