{
  "seeds": [
    0,
    42,
    123,
    456,
    789
  ],
  "k": 32,
  "dict_size": 2048,
  "mean_jaccard": 0.007774094585329294,
  "std_jaccard": 0.0011272396659478545,
  "analytical_chance_floor": 0.007874015748031496,
  "baseline_512d_jaccard": 0.0038,
  "jaccard_matrix": [
    [
      1.0,
      0.008059127256274223,
      0.007711842190474272,
      0.009390348568558693,
      0.006714038085192442
    ],
    [
      0.008059127256274223,
      1.0,
      0.007366042584180832,
      0.006203857716172934,
      0.008003202266991138
    ],
    [
      0.007711842190474272,
      0.007366042584180832,
      1.0,
      0.010078472085297108,
      0.007126588840037584
    ],
    [
      0.009390348568558693,
      0.006203857716172934,
      0.010078472085297108,
      1.0,
      0.00708742393180728
    ],
    [
      0.006714038085192442,
      0.008003202266991138,
      0.007126588840037584,
      0.00708742393180728,
      1.0
    ]
  ]
}