{
  "seeds": [
    0,
    42,
    123,
    456,
    789
  ],
  "k": 32,
  "dict_size": 2048,
  "mean_jaccard": 0.008310125209391117,
  "std_jaccard": 0.0005755622987635434,
  "analytical_chance_floor": 0.007874015748031496,
  "baseline_512d_jaccard": 0.0084,
  "jaccard_matrix": [
    [
      1.0,
      0.008331311866641045,
      0.008815850131213665,
      0.006903131492435932,
      0.00798660796135664
    ],
    [
      0.008331311866641045,
      1.0,
      0.008103684522211552,
      0.008807918056845665,
      0.008708338253200054
    ],
    [
      0.008815850131213665,
      0.008103684522211552,
      1.0,
      0.008637732826173306,
      0.007956950925290585
    ],
    [
      0.006903131492435932,
      0.008807918056845665,
      0.008637732826173306,
      1.0,
      0.008849726989865303
    ],
    [
      0.00798660796135664,
      0.008708338253200054,
      0.007956950925290585,
      0.008849726989865303,
      1.0
    ]
  ],
  "frozen_note": "Results frozen from a prior session (IU SAE models were deleted, see handoff/H1 addendum). Pre-metric-reform format: slot-wise Jaccard is floor-by-construction (a relabeled single SAE scores ~floor). baseline_512d_jaccard corrected to 0.0084 (dict=2048 measured; the prior 0.0038 was the dict=4096 floor). ROCOv2 baseline is the live reformed demo."
}