{
  "n_seeds": 5,
  "n_pairs": 10,
  "thresholds": [
    0.7,
    0.9
  ],
  "mean_best_match_cosine": 0.29923697710037234,
  "mean_frac_matched_0.7": 0.001513671875,
  "mean_frac_matched_0.9": 0.0,
  "mean_frac_mutual_1to1": 0.21875,
  "null_mean": 0.15142176896333695,
  "p_value": 0.0,
  "mean_erank": 363.4,
  "null_subspace_mean": 0.17941727340221406,
  "ratio_subspace": 1.6678445277430491,
  "p_value_subspace": 0.0,
  "min_p_value": 0.0,
  "min_p_value_subspace": 0.0,
  "pairs": [
    {
      "mean_best_match_cosine": 0.29968875646591187,
      "frac_matched_0.7": 0.0009765625,
      "frac_matched_0.9": 0.0,
      "frac_mutual_1to1": 0.22216796875,
      "erank": 365,
      "null_mean": 0.15141348540782928,
      "null_std": 0.00033376063220202923,
      "p_value": 0.0,
      "null_subspace_mean": 0.17903129756450653,
      "null_subspace_std": 0.0004494569730013609,
      "p_value_subspace": 0.0,
      "ratio_subspace": 1.6739461789240029,
      "n_perm": 200,
      "pair": "0-1"
    },
    {
      "mean_best_match_cosine": 0.29977333545684814,
      "frac_matched_0.7": 0.00244140625,
      "frac_matched_0.9": 0.0,
      "frac_mutual_1to1": 0.21630859375,
      "erank": 367,
      "null_mean": 0.15143705904483795,
      "null_std": 0.00035963908885605633,
      "p_value": 0.0,
      "null_subspace_mean": 0.17856332659721375,
      "null_subspace_std": 0.0004448705294635147,
      "p_value_subspace": 0.0,
      "ratio_subspace": 1.6788068477971878,
      "n_perm": 200,
      "pair": "0-2"
    },
    {
      "mean_best_match_cosine": 0.2996422052383423,
      "frac_matched_0.7": 0.001953125,
      "frac_matched_0.9": 0.0,
      "frac_mutual_1to1": 0.2236328125,
      "erank": 361,
      "null_mean": 0.15141485631465912,
      "null_std": 0.00035387222305871546,
      "p_value": 0.0,
      "null_subspace_mean": 0.18001453578472137,
      "null_subspace_std": 0.00042991223745048046,
      "p_value_subspace": 0.0,
      "ratio_subspace": 1.6645444987658282,
      "n_perm": 200,
      "pair": "0-3"
    },
    {
      "mean_best_match_cosine": 0.2991337478160858,
      "frac_matched_0.7": 0.0009765625,
      "frac_matched_0.9": 0.0,
      "frac_mutual_1to1": 0.22216796875,
      "erank": 363,
      "null_mean": 0.15137547254562378,
      "null_std": 0.0003596422029659152,
      "p_value": 0.0,
      "null_subspace_mean": 0.1795588731765747,
      "null_subspace_std": 0.0004136286152061075,
      "p_value_subspace": 0.0,
      "ratio_subspace": 1.6659368736510365,
      "n_perm": 200,
      "pair": "0-4"
    },
    {
      "mean_best_match_cosine": 0.2990335524082184,
      "frac_matched_0.7": 0.00146484375,
      "frac_matched_0.9": 0.0,
      "frac_mutual_1to1": 0.21630859375,
      "erank": 367,
      "null_mean": 0.15139353275299072,
      "null_std": 0.000359703873982653,
      "p_value": 0.0,
      "null_subspace_mean": 0.17854051291942596,
      "null_subspace_std": 0.0004077891062479466,
      "p_value_subspace": 0.0,
      "ratio_subspace": 1.6748778611561963,
      "n_perm": 200,
      "pair": "1-2"
    },
    {
      "mean_best_match_cosine": 0.29829657077789307,
      "frac_matched_0.7": 0.00146484375,
      "frac_matched_0.9": 0.0,
      "frac_mutual_1to1": 0.2138671875,
      "erank": 361,
      "null_mean": 0.1514742076396942,
      "null_std": 0.00036689621629193425,
      "p_value": 0.0,
      "null_subspace_mean": 0.17996828258037567,
      "null_subspace_std": 0.0004160399257671088,
      "p_value_subspace": 0.0,
      "ratio_subspace": 1.657495234720989,
      "n_perm": 200,
      "pair": "1-3"
    },
    {
      "mean_best_match_cosine": 0.2992539405822754,
      "frac_matched_0.7": 0.00146484375,
      "frac_matched_0.9": 0.0,
      "frac_mutual_1to1": 0.2236328125,
      "erank": 363,
      "null_mean": 0.1514781415462494,
      "null_std": 0.0003514172276481986,
      "p_value": 0.0,
      "null_subspace_mean": 0.17952686548233032,
      "null_subspace_std": 0.0004549315490294248,
      "p_value_subspace": 0.0,
      "ratio_subspace": 1.6669033895193197,
      "n_perm": 200,
      "pair": "1-4"
    },
    {
      "mean_best_match_cosine": 0.2982233762741089,
      "frac_matched_0.7": 0.001953125,
      "frac_matched_0.9": 0.0,
      "frac_mutual_1to1": 0.22119140625,
      "erank": 361,
      "null_mean": 0.1514141708612442,
      "null_std": 0.00037934613646939397,
      "p_value": 0.0,
      "null_subspace_mean": 0.1799887865781784,
      "null_subspace_std": 0.000440564239397645,
      "p_value_subspace": 0.0,
      "ratio_subspace": 1.6568997543887274,
      "n_perm": 200,
      "pair": "2-3"
    },
    {
      "mean_best_match_cosine": 0.2976425886154175,
      "frac_matched_0.7": 0.00146484375,
      "frac_matched_0.9": 0.0,
      "frac_mutual_1to1": 0.2080078125,
      "erank": 363,
      "null_mean": 0.15139302611351013,
      "null_std": 0.0003414622333366424,
      "p_value": 0.0,
      "null_subspace_mean": 0.17946583032608032,
      "null_subspace_std": 0.0004133950569666922,
      "p_value_subspace": 0.0,
      "ratio_subspace": 1.6584916921210906,
      "n_perm": 200,
      "pair": "2-4"
    },
    {
      "mean_best_match_cosine": 0.3016816973686218,
      "frac_matched_0.7": 0.0009765625,
      "frac_matched_0.9": 0.0,
      "frac_mutual_1to1": 0.22021484375,
      "erank": 363,
      "null_mean": 0.15142373740673065,
      "null_std": 0.00035482028033584356,
      "p_value": 0.0,
      "null_subspace_mean": 0.17951442301273346,
      "null_subspace_std": 0.0004235621599946171,
      "p_value_subspace": 0.0,
      "ratio_subspace": 1.6805429463861112,
      "n_perm": 200,
      "pair": "3-4"
    }
  ]
}