{
  "n_seeds": 5,
  "n_pairs": 10,
  "thresholds": [
    0.7,
    0.9
  ],
  "mean_best_match_cosine": 0.32680962681770326,
  "mean_frac_matched_0.7": 0.013671875,
  "mean_frac_matched_0.9": 0.00341796875,
  "mean_frac_mutual_1to1": 0.17607421875,
  "null_mean": 0.15142484307289122,
  "p_value": 0.0,
  "mean_erank": 357.1,
  "null_subspace_mean": 0.18096558898687362,
  "ratio_subspace": 1.8059304768219788,
  "p_value_subspace": 0.0,
  "min_p_value": 0.0,
  "min_p_value_subspace": 0.0,
  "pairs": [
    {
      "mean_best_match_cosine": 0.32765159010887146,
      "frac_matched_0.7": 0.01318359375,
      "frac_matched_0.9": 0.0029296875,
      "frac_mutual_1to1": 0.177734375,
      "erank": 354,
      "null_mean": 0.15143878757953644,
      "null_std": 0.0003926742647308856,
      "p_value": 0.0,
      "null_subspace_mean": 0.18171432614326477,
      "null_subspace_std": 0.0004414986469782889,
      "p_value_subspace": 0.0,
      "ratio_subspace": 1.803113695342594,
      "n_perm": 200,
      "pair": "0-1"
    },
    {
      "mean_best_match_cosine": 0.3245004117488861,
      "frac_matched_0.7": 0.01611328125,
      "frac_matched_0.9": 0.00341796875,
      "frac_mutual_1to1": 0.17529296875,
      "erank": 361,
      "null_mean": 0.1514045149087906,
      "null_std": 0.0003530719841364771,
      "p_value": 0.0,
      "null_subspace_mean": 0.17994742095470428,
      "null_subspace_std": 0.0004268052871339023,
      "p_value_subspace": 0.0,
      "ratio_subspace": 1.8033068216663588,
      "n_perm": 200,
      "pair": "0-2"
    },
    {
      "mean_best_match_cosine": 0.3281131982803345,
      "frac_matched_0.7": 0.01416015625,
      "frac_matched_0.9": 0.00244140625,
      "frac_mutual_1to1": 0.171875,
      "erank": 357,
      "null_mean": 0.15143659710884094,
      "null_std": 0.00037712440825998783,
      "p_value": 0.0,
      "null_subspace_mean": 0.1810365617275238,
      "null_subspace_std": 0.00039289856795221567,
      "p_value_subspace": 0.0,
      "ratio_subspace": 1.8124139960975074,
      "n_perm": 200,
      "pair": "0-3"
    },
    {
      "mean_best_match_cosine": 0.32737141847610474,
      "frac_matched_0.7": 0.0146484375,
      "frac_matched_0.9": 0.001953125,
      "frac_mutual_1to1": 0.181640625,
      "erank": 356,
      "null_mean": 0.15142667293548584,
      "null_std": 0.0003575933806132525,
      "p_value": 0.0,
      "null_subspace_mean": 0.18124417960643768,
      "null_subspace_std": 0.00041105851414613426,
      "p_value_subspace": 0.0,
      "ratio_subspace": 1.806245139496202,
      "n_perm": 200,
      "pair": "0-4"
    },
    {
      "mean_best_match_cosine": 0.3275069296360016,
      "frac_matched_0.7": 0.01171875,
      "frac_matched_0.9": 0.0048828125,
      "frac_mutual_1to1": 0.16943359375,
      "erank": 361,
      "null_mean": 0.15141257643699646,
      "null_std": 0.0003737920196726918,
      "p_value": 0.0,
      "null_subspace_mean": 0.1800350546836853,
      "null_subspace_std": 0.00042214259156025946,
      "p_value_subspace": 0.0,
      "ratio_subspace": 1.81912867031045,
      "n_perm": 200,
      "pair": "1-2"
    },
    {
      "mean_best_match_cosine": 0.3307787775993347,
      "frac_matched_0.7": 0.01123046875,
      "frac_matched_0.9": 0.00439453125,
      "frac_mutual_1to1": 0.17578125,
      "erank": 357,
      "null_mean": 0.1514410525560379,
      "null_std": 0.0003358162066433579,
      "p_value": 0.0,
      "null_subspace_mean": 0.18096154928207397,
      "null_subspace_std": 0.00038179222610779107,
      "p_value_subspace": 0.0,
      "ratio_subspace": 1.8278953673397933,
      "n_perm": 200,
      "pair": "1-3"
    },
    {
      "mean_best_match_cosine": 0.32965877652168274,
      "frac_matched_0.7": 0.01025390625,
      "frac_matched_0.9": 0.0029296875,
      "frac_mutual_1to1": 0.18017578125,
      "erank": 356,
      "null_mean": 0.15145452320575714,
      "null_std": 0.0003650604048743844,
      "p_value": 0.0,
      "null_subspace_mean": 0.1813315749168396,
      "null_subspace_std": 0.0004168112645857036,
      "p_value_subspace": 0.0,
      "ratio_subspace": 1.817988823363319,
      "n_perm": 200,
      "pair": "1-4"
    },
    {
      "mean_best_match_cosine": 0.3246300220489502,
      "frac_matched_0.7": 0.01416015625,
      "frac_matched_0.9": 0.0048828125,
      "frac_mutual_1to1": 0.19140625,
      "erank": 357,
      "null_mean": 0.15139652788639069,
      "null_std": 0.00036233337596058846,
      "p_value": 0.0,
      "null_subspace_mean": 0.18097884953022003,
      "null_subspace_std": 0.0004096127231605351,
      "p_value_subspace": 0.0,
      "ratio_subspace": 1.7937456387396427,
      "n_perm": 200,
      "pair": "2-3"
    },
    {
      "mean_best_match_cosine": 0.32198941707611084,
      "frac_matched_0.7": 0.01513671875,
      "frac_matched_0.9": 0.00341796875,
      "frac_mutual_1to1": 0.17431640625,
      "erank": 356,
      "null_mean": 0.15139776468276978,
      "null_std": 0.00035941865644417703,
      "p_value": 0.0,
      "null_subspace_mean": 0.18123912811279297,
      "null_subspace_std": 0.00039542483864352107,
      "p_value_subspace": 0.0,
      "ratio_subspace": 1.77659990107502,
      "n_perm": 200,
      "pair": "2-4"
    },
    {
      "mean_best_match_cosine": 0.3258957266807556,
      "frac_matched_0.7": 0.01611328125,
      "frac_matched_0.9": 0.0029296875,
      "frac_mutual_1to1": 0.1630859375,
      "erank": 356,
      "null_mean": 0.15143941342830658,
      "null_std": 0.00033217816962860525,
      "p_value": 0.0,
      "null_subspace_mean": 0.18116724491119385,
      "null_subspace_std": 0.0004299229185562581,
      "p_value_subspace": 0.0,
      "ratio_subspace": 1.7988667147889015,
      "n_perm": 200,
      "pair": "3-4"
    }
  ]
}