{
  "n_concepts_active": 8,
  "n_clusters": 3,
  "mean_cluster_size": 2.6666666666666665,
  "silhouette_cosine": 0.09960958361625671,
  "redundancy_reduction": 1.010752688172043,
  "mean_raw_concepts_per_image": 0.062046204620462043,
  "mean_families_per_image": 0.061386138613861385,
  "radlex_coverage_pct": 100.0,
  "n_empty_images": 1430
}