{
  "seeds": [
    0,
    42,
    123,
    456,
    789
  ],
  "k": 16,
  "dict_size": 1024,
  "mean_jaccard": 0.009230582043528557,
  "std_jaccard": 0.0014256088761612773,
  "analytical_chance_floor": 0.007874015748031496,
  "baseline_512d_jaccard": 0.0038,
  "jaccard_matrix": [
    [
      1.0,
      0.008928635157644749,
      0.008810963481664658,
      0.008335284888744354,
      0.010087531991302967
    ],
    [
      0.008928635157644749,
      1.0,
      0.01156904548406601,
      0.009742887690663338,
      0.009038691408932209
    ],
    [
      0.008810963481664658,
      0.01156904548406601,
      1.0,
      0.010020374320447445,
      0.009949490427970886
    ],
    [
      0.008335284888744354,
      0.009742887690663338,
      0.010020374320447445,
      1.0,
      0.005822922568768263
    ],
    [
      0.010087531991302967,
      0.009038691408932209,
      0.009949490427970886,
      0.005822922568768263,
      1.0
    ]
  ]
}